variable,coefficient
const,31.51837714409308
threatened_mammals,0.9212040590469748
threatened_birds,0.05681668240065081
threatened_fish,0.19228764303966386
